level,feature,source_predictor,mean_abs_shap,mean_shap,std_shap,sample_count,rank
model_feature,numeric__dstgsurf,dstgsurf,0.718607522388571,-0.21021593906385824,0.8959599673179827,60000,1
model_feature,numeric__twi,twi,0.4780461642580097,0.10954211365350541,0.5397045490370921,60000,2
model_feature,numeric__slope,slope,0.38358532125391503,0.2601400341928854,0.4156911048661415,60000,3
model_feature,numeric__dugsurf,dugsurf,0.3781978556242092,-0.24507613466000766,0.4380746180556951,60000,4
model_feature,numeric__plan_curvature,plan_curvature,0.3511750661639899,-0.1776311177481611,0.36757719781998843,60000,5
model_feature,numeric__profile_curvature,profile_curvature,0.26275462746163225,-0.14533007828723857,0.28330658419261834,60000,6
model_feature,categorical__geomorphology_4.0,geomorphology,0.18287142722764985,-0.10342926851203665,0.2895025600853576,60000,7
model_feature,numeric__ndvi,ndvi,0.1496232751939727,-0.0637894509868512,0.18292698995132442,60000,8
model_feature,categorical__geomorphology_1.0,geomorphology,0.11173307923572139,-0.08120417711110786,0.09131356805288116,60000,9
model_feature,categorical__geomorphology_6.0,geomorphology,0.09173427745524483,0.023558101635597024,0.09971635186785767,60000,10
model_feature,categorical__geomorphology_5.0,geomorphology,0.023621080626807817,-0.006564183357169289,0.05167414510086767,60000,11
model_feature,categorical__geomorphology_2.0,geomorphology,0.016807395227478265,-0.011431741191857872,0.017039971130522812,60000,12
model_feature,categorical__geomorphology_3.0,geomorphology,0.0,0.0,0.0,60000,13
predictor,dstgsurf,dstgsurf,0.718607522388571,-0.21021593906385824,0.8959599673179827,60000,1
predictor,twi,twi,0.4780461642580097,0.10954211365350541,0.5397045490370921,60000,2
predictor,slope,slope,0.38358532125391503,0.2601400341928854,0.4156911048661415,60000,3
predictor,dugsurf,dugsurf,0.3781978556242092,-0.24507613466000766,0.4380746180556951,60000,4
predictor,plan_curvature,plan_curvature,0.3511750661639899,-0.1776311177481611,0.36757719781998843,60000,5
predictor,geomorphology,geomorphology,0.27046606723351746,-0.17907126853657465,0.32517670119172015,60000,6
predictor,profile_curvature,profile_curvature,0.26275462746163225,-0.14533007828723857,0.28330658419261834,60000,7
predictor,ndvi,ndvi,0.1496232751939727,-0.0637894509868512,0.18292698995132442,60000,8
