bin_lower_deg,bin_upper_deg,landslide_count
4.0,6.0,634
6.0,8.0,2893
8.0,10.0,3235
10.0,12.0,3182
12.0,14.0,3329
14.0,16.0,3363
16.0,18.0,3405
18.0,20.0,3076
20.0,22.0,3288
22.0,24.0,3161
24.0,26.0,3164
26.0,28.0,3020
28.0,30.0,2961
30.0,32.0,2855
32.0,34.0,2732
34.0,36.0,2328
36.0,38.0,2183
38.0,40.0,1985
40.0,42.0,1731
42.0,44.0,1535
44.0,46.0,1436
46.0,48.0,1234
48.0,50.0,1163
50.0,52.0,1042
52.0,54.0,998
54.0,56.0,898
56.0,58.0,873
58.0,60.0,812
60.0,62.0,733
62.0,64.0,623
64.0,66.0,647
66.0,68.0,606
68.0,70.0,575
70.0,72.0,518
72.0,74.0,79
