record_type,metric,value,percentage_of_total_cells,notes,landslide_id,feature_index,low_threshold_elevation,high_threshold_elevation,valid_dem_cell_count,depositional_cell_count,non_depositional_cell_count,uncertain_cell_count,depositional_percentage,non_depositional_percentage,uncertain_percentage,skipped,skip_reason
summary,depositional_percentile,15.0,,Lower-elevation polygon percentage assigned label 1.,,,,,,,,,,,,,
summary,non_depositional_percentile,30.0,,Upper-elevation polygon percentage assigned label 0.,,,,,,,,,,,,,
summary,computed_high_threshold_percentile,70.0,,Percentile threshold used for the upper source/transport zone.,,,,,,,,,,,,,
summary,parallel_processing_used,True,,Whether polygon-local classification used worker processes.,,,,,,,,,,,,,
summary,polygon_worker_count,4,,Effective number of polygon-classification worker processes.,,,,,,,,,,,,,
summary,methodology_note,,,"Negative labels are derived from the upper portion of mapped landslide polygons, not from outside-polygon terrain. This contrasts terrain where material accumulated with terrain where material initiated or moved through without final deposition.",,,,,,,,,,,,,
summary,total_raster_cells,21115580,100.0,,,,,,,,,,,,,,
summary,depositional_cells,10606,0.05022831482725078,Label value 1 - lowest elevation depositional zone.,,,,,,,,,,,,,
summary,non_depositional_cells,20982,0.09936738654585855,Label value 0 - highest elevation source/transport zone.,,,,,,,,,,,,,
summary,uncertain_cells,37962,0.17978194300132888,Middle elevation zone within polygons - excluded from training.,,,,,,,,,,,,,
summary,landslide_id_cells,69550,0.3293776443744382,Valid DEM cells inside mapped landslide polygons with a numeric landslide group ID.,,,,,,,,,,,,,
summary,landslide_id_unique_values,486,,Number of unique numeric landslide IDs burned into landslide_id_raster.tif.,,,,,,,,,,,,,
summary,nodata_cells,21083992,99.85040429862688,Outside mapped landslides or uncertain zones.,,,,,,,,,,,,,
summary,skipped_polygons,1,,Polygons skipped during per-feature percentile classification.,,,,,,,,,,,,,
summary,multipart_feature_count,0,,Features whose disconnected polygon parts share one elevation distribution and group ID.,,,,,,,,,,,,,
summary,depositional_percentage_deviation_gt_5pp_polygons,0,,Processed polygons whose realized depositional share differs from the target by over 5 percentage points.,,,,,,,,,,,,,
summary,non_depositional_percentage_deviation_gt_5pp_polygons,11,,Processed polygons whose realized non-depositional share differs from the target by over 5 percentage points.,,,,,,,,,,,,,
summary,depositional_non_depositional_overlap_cells,0,,Cells resolved by depositional priority after polygon overlap.,,,,,,,,,,,,,
summary,uncertain_labeled_overlap_cells,0,,Cells where uncertain status was superseded by a labeled class after polygon overlap.,,,,,,,,,,,,,
per_landslide,,,,,LS_000001,1.0,397.51593017578125,427.6660217285156,233.0,35.0,70.0,128.0,15.021459227467812,30.042918454935624,54.93562231759657,False,
per_landslide,,,,,LS_000002,2.0,443.01337280273435,507.8829956054687,1139.0,171.0,342.0,626.0,15.01316944688323,30.02633889376646,54.96049165935031,False,
per_landslide,,,,,LS_000003,3.0,644.048452758789,674.22822265625,84.0,13.0,25.0,46.0,15.476190476190476,29.761904761904763,54.76190476190476,False,
per_landslide,,,,,LS_000004,4.0,586.1763061523437,662.3991455078125,324.0,49.0,97.0,178.0,15.123456790123457,29.938271604938272,54.93827160493827,False,
per_landslide,,,,,LS_000005,5.0,570.3122833251953,627.5019287109375,262.0,40.0,79.0,143.0,15.267175572519085,30.15267175572519,54.58015267175573,False,
per_landslide,,,,,LS_000006,6.0,552.8449890136719,634.2180541992187,624.0,94.0,187.0,343.0,15.064102564102564,29.96794871794872,54.967948717948715,False,
per_landslide,,,,,LS_000007,7.0,648.6329650878906,729.5286865234375,451.0,68.0,136.0,247.0,15.077605321507761,30.155210643015522,54.76718403547672,False,
per_landslide,,,,,LS_000008,8.0,568.5899688720704,650.9432434082031,160.0,24.0,48.0,88.0,15.0,30.0,55.0,False,
per_landslide,,,,,LS_000009,9.0,606.5055755615234,674.3098815917969,614.0,92.0,184.0,338.0,14.98371335504886,29.96742671009772,55.04885993485342,False,
per_landslide,,,,,LS_000010,10.0,649.3663452148437,673.9797485351562,169.0,26.0,51.0,92.0,15.384615384615385,30.17751479289941,54.437869822485204,False,
per_landslide,,,,,LS_000011,11.0,526.9690979003906,607.9354736328125,1099.0,165.0,330.0,604.0,15.013648771610555,30.02729754322111,54.959053685168335,False,
per_landslide,,,,,LS_000012,12.0,576.769662475586,597.535546875,52.0,8.0,16.0,28.0,15.384615384615385,30.76923076923077,53.84615384615385,False,
per_landslide,,,,,LS_000013,13.0,569.8970886230469,599.950732421875,199.0,30.0,60.0,109.0,15.075376884422111,30.150753768844222,54.77386934673367,False,
per_landslide,,,,,LS_000014,14.0,582.0780029296875,600.853857421875,109.0,17.0,33.0,59.0,15.596330275229358,30.275229357798164,54.12844036697248,False,
per_landslide,,,,,LS_000015,15.0,456.2097473144531,484.50299072265625,61.0,10.0,19.0,32.0,16.39344262295082,31.147540983606557,52.459016393442624,False,
per_landslide,,,,,LS_000016,16.0,461.35890808105466,486.40880737304684,59.0,9.0,18.0,32.0,15.254237288135593,30.508474576271187,54.23728813559322,False,
per_landslide,,,,,LS_000017,17.0,571.9441741943359,621.7181518554687,238.0,36.0,72.0,130.0,15.126050420168067,30.252100840336134,54.621848739495796,False,
per_landslide,,,,,LS_000018,18.0,559.241845703125,595.706201171875,189.0,29.0,57.0,103.0,15.343915343915343,30.158730158730158,54.4973544973545,False,
per_landslide,,,,,LS_000019,19.0,553.5301025390625,585.9771850585937,193.0,29.0,58.0,106.0,15.025906735751295,30.05181347150259,54.92227979274612,False,
per_landslide,,,,,LS_000020,20.0,656.5299987792969,666.8628540039062,47.0,7.0,14.0,26.0,14.893617021276595,29.78723404255319,55.319148936170215,False,
per_landslide,,,,,LS_000021,21.0,657.9984191894531,682.2850708007812,135.0,21.0,41.0,73.0,15.555555555555555,30.37037037037037,54.074074074074076,False,
per_landslide,,,,,LS_000022,22.0,593.428466796875,649.0491943359375,121.0,19.0,37.0,65.0,15.702479338842975,30.578512396694215,53.71900826446281,False,
per_landslide,,,,,LS_000023,23.0,551.8761962890625,583.2926940917969,152.0,23.0,46.0,83.0,15.131578947368421,30.263157894736842,54.60526315789474,False,
per_landslide,,,,,LS_000024,24.0,634.8581481933594,664.8082885742188,214.0,32.0,64.0,118.0,14.953271028037383,29.906542056074766,55.14018691588785,False,
per_landslide,,,,,LS_000025,25.0,629.1429077148438,645.5313537597656,198.0,30.0,60.0,108.0,15.151515151515152,30.303030303030305,54.54545454545455,False,
per_landslide,,,,,LS_000026,26.0,630.0431030273437,637.1097290039063,27.0,4.0,8.0,15.0,14.814814814814815,29.62962962962963,55.55555555555556,False,
per_landslide,,,,,LS_000027,27.0,609.6213989257812,622.6509948730469,64.0,10.0,19.0,35.0,15.625,29.6875,54.6875,False,
per_landslide,,,,,LS_000028,28.0,677.3174926757813,695.7408447265625,19.0,3.0,6.0,10.0,15.789473684210526,31.57894736842105,52.63157894736842,False,
per_landslide,,,,,LS_000029,29.0,678.7385620117187,683.6237548828125,67.0,10.0,20.0,37.0,14.925373134328359,29.850746268656717,55.223880597014926,False,
per_landslide,,,,,LS_000030,30.0,760.7047729492188,774.2339477539062,123.0,19.0,37.0,67.0,15.447154471544716,30.08130081300813,54.47154471544715,False,
per_landslide,,,,,LS_000031,31.0,705.471142578125,725.53955078125,93.0,14.0,28.0,51.0,15.053763440860216,30.107526881720432,54.83870967741935,False,
per_landslide,,,,,LS_000032,32.0,640.7759521484375,653.837841796875,29.0,5.0,9.0,15.0,17.24137931034483,31.03448275862069,51.724137931034484,False,
per_landslide,,,,,LS_000033,33.0,635.8508911132812,703.1593627929688,181.0,28.0,55.0,98.0,15.469613259668508,30.386740331491712,54.14364640883978,False,
per_landslide,,,,,LS_000034,34.0,523.5642578125,652.655126953125,1213.0,182.0,364.0,667.0,15.004122011541632,30.008244023083265,54.9876339653751,False,
per_landslide,,,,,LS_000035,35.0,801.6032165527344,803.9068420410156,28.0,5.0,9.0,14.0,17.857142857142858,32.142857142857146,50.0,False,
per_landslide,,,,,LS_000036,36.0,790.0140686035156,798.0377197265625,66.0,10.0,20.0,36.0,15.151515151515152,30.303030303030305,54.54545454545455,False,
per_landslide,,,,,LS_000037,37.0,767.7344757080078,777.3643188476562,72.0,11.0,22.0,39.0,15.277777777777779,30.555555555555557,54.166666666666664,False,
per_landslide,,,,,LS_000038,38.0,712.4796142578125,766.9660034179688,91.0,14.0,28.0,49.0,15.384615384615385,30.76923076923077,53.84615384615385,False,
per_landslide,,,,,LS_000039,39.0,772.7586242675782,783.6725402832031,74.0,11.0,22.0,41.0,14.864864864864865,29.72972972972973,55.4054054054054,False,
per_landslide,,,,,LS_000040,40.0,687.8668395996094,757.9340515136719,312.0,47.0,94.0,171.0,15.064102564102564,30.128205128205128,54.80769230769231,False,
per_landslide,,,,,LS_000041,41.0,647.7579467773437,658.85498046875,19.0,3.0,6.0,10.0,15.789473684210526,31.57894736842105,52.63157894736842,False,
per_landslide,,,,,LS_000042,42.0,563.4948120117188,573.0864868164062,41.0,7.0,13.0,21.0,17.073170731707318,31.70731707317073,51.21951219512195,False,
per_landslide,,,,,LS_000043,43.0,508.9358367919922,520.6128540039062,47.0,7.0,14.0,26.0,14.893617021276595,29.78723404255319,55.319148936170215,False,
per_landslide,,,,,LS_000044,44.0,517.5033081054687,522.9937133789062,25.0,4.0,8.0,13.0,16.0,32.0,52.0,False,
per_landslide,,,,,LS_000045,45.0,497.63815155029295,520.5569641113282,60.0,9.0,18.0,33.0,15.0,30.0,55.0,False,
per_landslide,,,,,LS_000046,46.0,300.29680786132815,310.1385101318359,118.0,18.0,36.0,64.0,15.254237288135593,30.508474576271187,54.23728813559322,False,
per_landslide,,,,,LS_000047,47.0,372.9552276611328,382.80731811523435,195.0,30.0,59.0,106.0,15.384615384615385,30.256410256410255,54.35897435897436,False,
per_landslide,,,,,LS_000048,48.0,425.7846435546875,438.191845703125,35.0,6.0,11.0,18.0,17.142857142857142,31.428571428571427,51.42857142857143,False,
per_landslide,,,,,LS_000049,49.0,409.0856109619141,424.05004272460934,107.0,16.0,32.0,59.0,14.953271028037383,29.906542056074766,55.14018691588785,False,
per_landslide,,,,,LS_000050,50.0,419.8565734863281,438.2040161132812,82.0,13.0,25.0,44.0,15.853658536585366,30.48780487804878,53.65853658536585,False,
per_landslide,,,,,LS_000051,51.0,454.6920623779297,489.3721008300781,56.0,9.0,17.0,30.0,16.071428571428573,30.357142857142858,53.57142857142857,False,
per_landslide,,,,,LS_000052,52.0,485.0350372314453,518.4101867675781,102.0,16.0,31.0,55.0,15.686274509803921,30.392156862745097,53.92156862745098,False,
per_landslide,,,,,LS_000053,53.0,439.15896759033205,461.6730682373047,192.0,29.0,58.0,105.0,15.104166666666666,30.208333333333332,54.6875,False,
per_landslide,,,,,LS_000054,54.0,443.93590087890624,464.4026794433594,117.0,18.0,35.0,64.0,15.384615384615385,29.914529914529915,54.7008547008547,False,
per_landslide,,,,,LS_000055,55.0,436.81714324951173,455.4799346923828,64.0,10.0,19.0,35.0,15.625,29.6875,54.6875,False,
per_landslide,,,,,LS_000056,56.0,501.64259033203126,581.4624755859375,399.0,60.0,120.0,219.0,15.037593984962406,30.075187969924812,54.88721804511278,False,
per_landslide,,,,,LS_000057,57.0,557.3446044921875,578.209716796875,141.0,22.0,43.0,76.0,15.602836879432624,30.49645390070922,53.90070921985816,False,
per_landslide,,,,,LS_000058,58.0,580.6004119873047,611.87958984375,40.0,6.0,12.0,22.0,15.0,30.0,55.0,False,
per_landslide,,,,,LS_000059,59.0,644.9495910644531,655.467431640625,47.0,7.0,14.0,26.0,14.893617021276595,29.78723404255319,55.319148936170215,False,
per_landslide,,,,,LS_000060,60.0,718.4475860595703,723.6245056152344,34.0,5.0,10.0,19.0,14.705882352941176,29.41176470588235,55.88235294117647,False,
per_landslide,,,,,LS_000061,61.0,551.3070068359375,561.9859252929688,23.0,4.0,7.0,12.0,17.391304347826086,30.434782608695652,52.17391304347826,False,
per_landslide,,,,,LS_000062,62.0,546.6733093261719,554.9891784667968,38.0,6.0,12.0,20.0,15.789473684210526,31.57894736842105,52.63157894736842,False,
per_landslide,,,,,LS_000063,63.0,401.51732177734374,415.04987182617185,265.0,40.0,80.0,145.0,15.09433962264151,30.18867924528302,54.716981132075475,False,
per_landslide,,,,,LS_000064,64.0,471.886979675293,492.6448638916016,50.0,8.0,15.0,27.0,16.0,30.0,54.0,False,
per_landslide,,,,,LS_000065,65.0,654.9002380371094,674.4359436035156,26.0,4.0,8.0,14.0,15.384615384615385,30.76923076923077,53.84615384615385,False,
per_landslide,,,,,LS_000066,66.0,647.1518188476563,652.0208679199219,54.0,8.0,16.0,30.0,14.814814814814815,29.62962962962963,55.55555555555556,False,
per_landslide,,,,,LS_000067,67.0,753.962548828125,759.480029296875,33.0,5.0,10.0,18.0,15.151515151515152,30.303030303030305,54.54545454545455,False,
per_landslide,,,,,LS_000068,68.0,589.1379547119141,595.8441284179687,44.0,7.0,13.0,24.0,15.909090909090908,29.545454545454547,54.54545454545455,False,
per_landslide,,,,,LS_000069,69.0,623.7659362792969,634.5102600097656,54.0,8.0,16.0,30.0,14.814814814814815,29.62962962962963,55.55555555555556,False,
per_landslide,,,,,LS_000070,70.0,867.4740661621094,883.3648559570313,43.0,7.0,13.0,23.0,16.27906976744186,30.232558139534884,53.48837209302326,False,
per_landslide,,,,,LS_000071,71.0,839.3895721435547,844.3569641113281,26.0,4.0,8.0,14.0,15.384615384615385,30.76923076923077,53.84615384615385,False,
per_landslide,,,,,LS_000072,72.0,834.6106750488282,858.432421875,83.0,13.0,25.0,45.0,15.662650602409638,30.120481927710845,54.21686746987952,False,
per_landslide,,,,,LS_000073,73.0,705.7931091308594,712.19921875,20.0,3.0,6.0,11.0,15.0,30.0,55.0,False,
per_landslide,,,,,LS_000074,74.0,877.173388671875,881.8102478027344,28.0,5.0,9.0,14.0,17.857142857142858,32.142857142857146,50.0,False,
per_landslide,,,,,LS_000075,75.0,992.0428771972656,999.90234375,26.0,4.0,8.0,14.0,15.384615384615385,30.76923076923077,53.84615384615385,False,
per_landslide,,,,,LS_000076,76.0,889.4400085449219,895.74384765625,15.0,3.0,5.0,7.0,20.0,33.333333333333336,46.666666666666664,False,
per_landslide,,,,,LS_000077,77.0,957.050537109375,979.48271484375,53.0,8.0,16.0,29.0,15.09433962264151,30.18867924528302,54.716981132075475,False,
per_landslide,,,,,LS_000078,78.0,898.4992218017578,961.3466796875,82.0,13.0,25.0,44.0,15.853658536585366,30.48780487804878,53.65853658536585,False,
per_landslide,,,,,LS_000079,79.0,829.3073669433594,841.9934814453125,19.0,3.0,6.0,10.0,15.789473684210526,31.57894736842105,52.63157894736842,False,
per_landslide,,,,,LS_000080,80.0,663.4489135742188,671.5697021484375,41.0,7.0,13.0,21.0,17.073170731707318,31.70731707317073,51.21951219512195,False,
per_landslide,,,,,LS_000081,81.0,502.99254302978517,541.9245971679687,574.0,86.0,172.0,316.0,14.982578397212544,29.965156794425088,55.05226480836237,False,
per_landslide,,,,,LS_000082,82.0,489.31975708007815,502.3729675292969,25.0,4.0,8.0,13.0,16.0,32.0,52.0,False,
per_landslide,,,,,LS_000083,83.0,447.730517578125,464.35674438476565,110.0,17.0,33.0,60.0,15.454545454545455,30.0,54.54545454545455,False,
per_landslide,,,,,LS_000084,84.0,555.3082275390625,598.6348876953125,241.0,37.0,73.0,131.0,15.352697095435685,30.29045643153527,54.356846473029044,False,
per_landslide,,,,,LS_000085,85.0,517.4895629882812,525.9702514648437,35.0,6.0,11.0,18.0,17.142857142857142,31.428571428571427,51.42857142857143,False,
per_landslide,,,,,LS_000086,86.0,541.2024200439453,551.0048583984375,18.0,3.0,6.0,9.0,16.666666666666668,33.333333333333336,50.0,False,
per_landslide,,,,,LS_000087,87.0,534.0551940917969,538.4012084960938,28.0,5.0,9.0,14.0,17.857142857142858,32.142857142857146,50.0,False,
per_landslide,,,,,LS_000088,88.0,516.8060302734375,523.2232543945313,45.0,7.0,14.0,24.0,15.555555555555555,31.11111111111111,53.333333333333336,False,
per_landslide,,,,,LS_000089,89.0,593.7043762207031,608.0082092285156,48.0,8.0,15.0,25.0,16.666666666666668,31.25,52.083333333333336,False,
per_landslide,,,,,LS_000090,90.0,478.64335174560546,490.74329528808596,48.0,8.0,15.0,25.0,16.666666666666668,31.25,52.083333333333336,False,
per_landslide,,,,,LS_000091,91.0,761.5452270507812,775.84912109375,35.0,6.0,11.0,18.0,17.142857142857142,31.428571428571427,51.42857142857143,False,
per_landslide,,,,,LS_000092,92.0,905.7273559570312,908.7631225585938,11.0,2.0,4.0,5.0,18.181818181818183,36.36363636363637,45.45454545454545,False,
per_landslide,,,,,LS_000093,93.0,928.3736419677734,948.9860534667969,166.0,25.0,50.0,91.0,15.060240963855422,30.120481927710845,54.81927710843374,False,
per_landslide,,,,,LS_000094,94.0,788.0206237792969,835.9110229492187,198.0,30.0,60.0,108.0,15.151515151515152,30.303030303030305,54.54545454545455,False,
per_landslide,,,,,LS_000095,95.0,801.821743774414,828.2962341308594,82.0,13.0,25.0,44.0,15.853658536585366,30.48780487804878,53.65853658536585,False,
per_landslide,,,,,LS_000096,96.0,950.4524688720703,957.5874938964844,34.0,5.0,10.0,19.0,14.705882352941176,29.41176470588235,55.88235294117647,False,
per_landslide,,,,,LS_000097,97.0,602.8218658447265,615.5990356445312,30.0,5.0,9.0,16.0,16.666666666666668,30.0,53.333333333333336,False,
per_landslide,,,,,LS_000098,98.0,625.011376953125,651.0759460449219,60.0,9.0,18.0,33.0,15.0,30.0,55.0,False,
per_landslide,,,,,LS_000099,99.0,546.7152587890625,578.5744689941406,130.0,20.0,39.0,71.0,15.384615384615385,30.0,54.61538461538461,False,
per_landslide,,,,,LS_000100,100.0,656.6679382324219,663.3501586914062,11.0,2.0,4.0,5.0,18.181818181818183,36.36363636363637,45.45454545454545,False,
per_landslide,,,,,LS_000101,101.0,689.3550476074219,699.1242797851562,62.0,10.0,19.0,33.0,16.129032258064516,30.64516129032258,53.225806451612904,False,
per_landslide,,,,,LS_000102,102.0,702.4716796875,714.59765625,71.0,11.0,22.0,38.0,15.492957746478874,30.985915492957748,53.521126760563384,False,
per_landslide,,,,,LS_000103,103.0,698.7465637207031,710.3207824707031,54.0,8.0,16.0,30.0,14.814814814814815,29.62962962962963,55.55555555555556,False,
per_landslide,,,,,LS_000104,104.0,644.9686889648438,656.99365234375,21.0,4.0,7.0,10.0,19.047619047619047,33.333333333333336,47.61904761904762,False,
per_landslide,,,,,LS_000105,105.0,677.8745483398437,699.938916015625,82.0,13.0,25.0,44.0,15.853658536585366,30.48780487804878,53.65853658536585,False,
per_landslide,,,,,LS_000106,106.0,721.4837097167969,738.324951171875,52.0,8.0,16.0,28.0,15.384615384615385,30.76923076923077,53.84615384615385,False,
per_landslide,,,,,LS_000107,107.0,661.2585235595703,722.3358276367187,70.0,11.0,21.0,38.0,15.714285714285714,30.0,54.285714285714285,False,
per_landslide,,,,,LS_000108,108.0,670.7004272460938,716.8825439453125,183.0,28.0,55.0,100.0,15.300546448087431,30.05464480874317,54.6448087431694,False,
per_landslide,,,,,LS_000109,109.0,754.2497741699219,761.2994384765625,75.0,12.0,23.0,40.0,16.0,30.666666666666668,53.333333333333336,False,
per_landslide,,,,,LS_000110,110.0,633.0152587890625,660.6294860839844,176.0,27.0,53.0,96.0,15.340909090909092,30.113636363636363,54.54545454545455,False,
per_landslide,,,,,LS_000111,111.0,800.6800537109375,807.3061401367188,27.0,4.0,8.0,15.0,14.814814814814815,29.62962962962963,55.55555555555556,False,
per_landslide,,,,,LS_000112,112.0,760.2776794433594,772.6553344726562,31.0,5.0,10.0,16.0,16.129032258064516,32.25806451612903,51.61290322580645,False,
per_landslide,,,,,LS_000113,113.0,507.3658187866211,516.656884765625,60.0,9.0,18.0,33.0,15.0,30.0,55.0,False,
per_landslide,,,,,LS_000114,114.0,550.2983917236328,566.8226379394531,44.0,7.0,13.0,24.0,15.909090909090908,29.545454545454547,54.54545454545455,False,
per_landslide,,,,,LS_000115,115.0,934.8849426269531,941.0287292480468,14.0,2.0,4.0,8.0,14.285714285714286,28.571428571428573,57.142857142857146,False,
per_landslide,,,,,LS_000116,116.0,867.4335083007812,874.2141845703125,33.0,5.0,10.0,18.0,15.151515151515152,30.303030303030305,54.54545454545455,False,
per_landslide,,,,,LS_000117,117.0,608.2658203125,609.9133728027343,14.0,2.0,4.0,8.0,14.285714285714286,28.571428571428573,57.142857142857146,False,
per_landslide,,,,,LS_000118,118.0,616.0068481445312,618.5872436523438,19.0,3.0,6.0,10.0,15.789473684210526,31.57894736842105,52.63157894736842,False,
per_landslide,,,,,LS_000119,119.0,633.6334838867188,641.4102172851562,11.0,2.0,4.0,5.0,18.181818181818183,36.36363636363637,45.45454545454545,False,
per_landslide,,,,,LS_000120,120.0,638.0161315917969,640.9081298828125,15.0,3.0,5.0,7.0,20.0,33.333333333333336,46.666666666666664,False,
per_landslide,,,,,LS_000121,121.0,645.3259521484375,647.7234985351563,13.0,2.0,4.0,7.0,15.384615384615385,30.76923076923077,53.84615384615385,False,
per_landslide,,,,,LS_000122,122.0,619.7409637451171,633.3083312988281,82.0,13.0,25.0,44.0,15.853658536585366,30.48780487804878,53.65853658536585,False,
per_landslide,,,,,LS_000123,123.0,293.5715667724609,298.52915649414064,290.0,44.0,87.0,159.0,15.172413793103448,30.0,54.827586206896555,False,
per_landslide,,,,,LS_000124,124.0,961.1779510498047,980.3422241210938,28.0,5.0,9.0,14.0,17.857142857142858,32.142857142857146,50.0,False,
per_landslide,,,,,LS_000125,125.0,889.453076171875,903.5766235351563,24.0,4.0,7.0,13.0,16.666666666666668,29.166666666666668,54.166666666666664,False,
per_landslide,,,,,LS_000126,126.0,606.0837249755859,619.2996215820312,56.0,9.0,17.0,30.0,16.071428571428573,30.357142857142858,53.57142857142857,False,
per_landslide,,,,,LS_000127,127.0,555.2397003173828,604.6418151855469,136.0,21.0,41.0,74.0,15.441176470588236,30.147058823529413,54.411764705882355,False,
per_landslide,,,,,LS_000128,128.0,726.9740509033203,729.6398376464844,14.0,2.0,4.0,8.0,14.285714285714286,28.571428571428573,57.142857142857146,False,
per_landslide,,,,,LS_000129,129.0,682.5357116699219,696.6991577148438,14.0,2.0,4.0,8.0,14.285714285714286,28.571428571428573,57.142857142857146,False,
per_landslide,,,,,LS_000130,130.0,754.9299957275391,761.7363647460937,32.0,5.0,10.0,17.0,15.625,31.25,53.125,False,
per_landslide,,,,,LS_000131,131.0,733.2793823242188,741.8688110351562,29.0,5.0,9.0,15.0,17.24137931034483,31.03448275862069,51.724137931034484,False,
per_landslide,,,,,LS_000132,132.0,722.8818481445312,731.3722473144531,30.0,5.0,9.0,16.0,16.666666666666668,30.0,53.333333333333336,False,
per_landslide,,,,,LS_000133,133.0,707.3738098144531,710.50732421875,26.0,4.0,8.0,14.0,15.384615384615385,30.76923076923077,53.84615384615385,False,
per_landslide,,,,,LS_000134,134.0,667.9196411132813,686.4680053710938,22.0,4.0,7.0,11.0,18.181818181818183,31.818181818181817,50.0,False,
per_landslide,,,,,LS_000135,135.0,657.6925903320313,698.8633544921875,147.0,22.0,44.0,81.0,14.965986394557824,29.931972789115648,55.10204081632653,False,
per_landslide,,,,,LS_000136,136.0,995.2479064941406,1013.439306640625,35.0,6.0,11.0,18.0,17.142857142857142,31.428571428571427,51.42857142857143,False,
per_landslide,,,,,LS_000137,137.0,933.1177368164062,959.6466674804688,117.0,18.0,35.0,64.0,15.384615384615385,29.914529914529915,54.7008547008547,False,
per_landslide,,,,,LS_000138,138.0,862.573486328125,869.1542846679688,13.0,2.0,4.0,7.0,15.384615384615385,30.76923076923077,53.84615384615385,False,
per_landslide,,,,,LS_000139,139.0,794.5491333007812,808.3708129882813,49.0,8.0,15.0,26.0,16.3265306122449,30.612244897959183,53.06122448979592,False,
per_landslide,,,,,LS_000140,140.0,753.8403991699219,762.2153198242188,47.0,7.0,14.0,26.0,14.893617021276595,29.78723404255319,55.319148936170215,False,
per_landslide,,,,,LS_000141,141.0,726.4857940673828,730.5493957519532,40.0,6.0,12.0,22.0,15.0,30.0,55.0,False,
per_landslide,,,,,LS_000142,142.0,761.0839477539063,790.019384765625,105.0,16.0,32.0,57.0,15.238095238095237,30.476190476190474,54.285714285714285,False,
per_landslide,,,,,LS_000143,143.0,775.7849243164062,780.533642578125,15.0,3.0,5.0,7.0,20.0,33.333333333333336,46.666666666666664,False,
per_landslide,,,,,LS_000144,144.0,317.4257080078125,324.35765380859374,73.0,11.0,22.0,40.0,15.068493150684931,30.136986301369863,54.794520547945204,False,
per_landslide,,,,,LS_000145,145.0,338.3563919067383,347.78773193359376,94.0,14.0,28.0,52.0,14.893617021276595,29.78723404255319,55.319148936170215,False,
per_landslide,,,,,LS_000146,146.0,345.12764434814454,352.6701934814453,42.0,7.0,13.0,22.0,16.666666666666668,30.952380952380953,52.38095238095238,False,
per_landslide,,,,,LS_000147,147.0,420.8015930175781,431.07945556640624,33.0,5.0,10.0,18.0,15.151515151515152,30.303030303030305,54.54545454545455,False,
per_landslide,,,,,LS_000148,148.0,379.3243942260742,412.91298522949216,184.0,28.0,55.0,101.0,15.217391304347826,29.891304347826086,54.891304347826086,False,
per_landslide,,,,,LS_000149,149.0,601.6926452636719,618.2408203125,82.0,13.0,25.0,44.0,15.853658536585366,30.48780487804878,53.65853658536585,False,
per_landslide,,,,,LS_000150,150.0,484.1921020507813,557.037841796875,1365.0,205.0,410.0,750.0,15.018315018315018,30.036630036630036,54.94505494505494,False,
per_landslide,,,,,LS_000151,151.0,394.48834228515625,416.071142578125,233.0,35.0,70.0,128.0,15.021459227467812,30.042918454935624,54.93562231759657,False,
per_landslide,,,,,LS_000152,152.0,463.5895248413086,486.42579956054686,54.0,8.0,16.0,30.0,14.814814814814815,29.62962962962963,55.55555555555556,False,
per_landslide,,,,,LS_000153,153.0,392.22999572753906,401.4009704589844,11.0,2.0,4.0,5.0,18.181818181818183,36.36363636363637,45.45454545454545,False,
per_landslide,,,,,LS_000154,154.0,739.4367828369141,749.9237060546875,26.0,4.0,8.0,14.0,15.384615384615385,30.76923076923077,53.84615384615385,False,
per_landslide,,,,,LS_000155,155.0,693.4254791259766,699.6624694824219,22.0,4.0,7.0,11.0,18.181818181818183,31.818181818181817,50.0,False,
per_landslide,,,,,LS_000156,156.0,650.67080078125,666.0228393554687,25.0,4.0,8.0,13.0,16.0,32.0,52.0,False,
per_landslide,,,,,LS_000157,157.0,615.0731811523438,616.381591796875,21.0,4.0,7.0,10.0,19.047619047619047,33.333333333333336,47.61904761904762,False,
per_landslide,,,,,LS_000158,158.0,560.5603759765625,565.5983642578125,17.0,3.0,5.0,9.0,17.647058823529413,29.41176470588235,52.94117647058823,False,
per_landslide,,,,,LS_000159,159.0,537.4317016601562,566.2485961914062,96.0,15.0,29.0,52.0,15.625,30.208333333333332,54.166666666666664,False,
per_landslide,,,,,LS_000160,160.0,501.35084838867186,520.306884765625,95.0,15.0,29.0,51.0,15.789473684210526,30.526315789473685,53.68421052631579,False,
per_landslide,,,,,LS_000161,161.0,548.7324066162109,554.520849609375,40.0,6.0,12.0,22.0,15.0,30.0,55.0,False,
per_landslide,,,,,LS_000162,162.0,523.511328125,534.6108764648437,44.0,7.0,13.0,24.0,15.909090909090908,29.545454545454547,54.54545454545455,False,
per_landslide,,,,,LS_000163,163.0,432.1416244506836,467.9539306640625,210.0,32.0,63.0,115.0,15.238095238095237,30.0,54.76190476190476,False,
per_landslide,,,,,LS_000164,164.0,452.8554397583008,480.81849060058596,142.0,22.0,43.0,77.0,15.492957746478874,30.281690140845072,54.225352112676056,False,
per_landslide,,,,,LS_000165,165.0,453.7888549804687,475.0712463378906,118.0,18.0,36.0,64.0,15.254237288135593,30.508474576271187,54.23728813559322,False,
per_landslide,,,,,LS_000166,166.0,453.76209716796876,486.1102783203125,125.0,19.0,38.0,68.0,15.2,30.4,54.4,False,
per_landslide,,,,,LS_000167,167.0,476.96412658691406,489.414599609375,27.0,4.0,8.0,15.0,14.814814814814815,29.62962962962963,55.55555555555556,False,
per_landslide,,,,,LS_000168,168.0,457.25744476318357,474.30462951660155,78.0,12.0,24.0,42.0,15.384615384615385,30.76923076923077,53.84615384615385,False,
per_landslide,,,,,LS_000169,169.0,482.14831085205077,502.2415435791016,118.0,18.0,36.0,64.0,15.254237288135593,30.508474576271187,54.23728813559322,False,
per_landslide,,,,,LS_000170,170.0,503.66534423828125,512.3964233398438,31.0,5.0,10.0,16.0,16.129032258064516,32.25806451612903,51.61290322580645,False,
per_landslide,,,,,LS_000171,171.0,527.7256652832032,536.607177734375,15.0,3.0,5.0,7.0,20.0,33.333333333333336,46.666666666666664,False,
per_landslide,,,,,LS_000172,172.0,497.6378601074219,551.9672241210938,673.0,101.0,202.0,370.0,15.0074294205052,30.0148588410104,54.977711738484395,False,
per_landslide,,,,,LS_000173,173.0,602.1097045898438,618.157763671875,29.0,5.0,9.0,15.0,17.24137931034483,31.03448275862069,51.724137931034484,False,
per_landslide,,,,,LS_000174,174.0,531.614404296875,545.0173828125,113.0,17.0,34.0,62.0,15.044247787610619,30.088495575221238,54.86725663716814,False,
per_landslide,,,,,LS_000175,175.0,544.8465148925782,562.1908447265625,28.0,5.0,9.0,14.0,17.857142857142858,32.142857142857146,50.0,False,
per_landslide,,,,,LS_000176,176.0,487.3038024902344,506.2218933105469,51.0,8.0,16.0,27.0,15.686274509803921,31.372549019607842,52.94117647058823,False,
per_landslide,,,,,LS_000177,177.0,547.9545043945312,561.6390502929687,37.0,6.0,11.0,20.0,16.216216216216218,29.72972972972973,54.054054054054056,False,
per_landslide,,,,,LS_000178,178.0,520.2812683105469,529.5305114746094,14.0,2.0,4.0,8.0,14.285714285714286,28.571428571428573,57.142857142857146,False,
per_landslide,,,,,LS_000179,179.0,583.56552734375,590.516357421875,19.0,3.0,6.0,10.0,15.789473684210526,31.57894736842105,52.63157894736842,False,
per_landslide,,,,,LS_000180,180.0,593.4260864257812,607.672265625,88.0,14.0,27.0,47.0,15.909090909090908,30.681818181818183,53.40909090909091,False,
per_landslide,,,,,LS_000181,181.0,531.1108947753906,544.7450744628907,84.0,13.0,25.0,46.0,15.476190476190476,29.761904761904763,54.76190476190476,False,
per_landslide,,,,,LS_000182,182.0,470.9951629638672,475.44188232421874,79.0,12.0,24.0,43.0,15.189873417721518,30.379746835443036,54.43037974683544,False,
per_landslide,,,,,LS_000183,183.0,637.6495056152344,703.6885925292969,644.0,97.0,193.0,354.0,15.062111801242237,29.96894409937888,54.96894409937888,False,
per_landslide,,,,,LS_000184,184.0,565.6838989257812,594.2531372070313,109.0,17.0,33.0,59.0,15.596330275229358,30.275229357798164,54.12844036697248,False,
per_landslide,,,,,LS_000185,185.0,728.6257690429687,782.2009582519531,200.0,30.0,60.0,110.0,15.0,30.0,55.0,False,
per_landslide,,,,,LS_000186,186.0,781.1750427246094,795.4470092773438,27.0,4.0,8.0,15.0,14.814814814814815,29.62962962962963,55.55555555555556,False,
per_landslide,,,,,LS_000187,187.0,560.5712890625,574.9903930664062,73.0,11.0,22.0,40.0,15.068493150684931,30.136986301369863,54.794520547945204,False,
per_landslide,,,,,LS_000188,188.0,508.06957855224607,518.0647094726562,20.0,3.0,6.0,11.0,15.0,30.0,55.0,False,
per_landslide,,,,,LS_000189,189.0,506.29112548828124,513.5159301757812,13.0,2.0,4.0,7.0,15.384615384615385,30.76923076923077,53.84615384615385,False,
per_landslide,,,,,LS_000190,190.0,583.0812072753906,587.152294921875,22.0,4.0,7.0,11.0,18.181818181818183,31.818181818181817,50.0,False,
per_landslide,,,,,LS_000191,191.0,728.3565673828125,760.4044799804688,41.0,7.0,13.0,21.0,17.073170731707318,31.70731707317073,51.21951219512195,False,
per_landslide,,,,,LS_000192,192.0,550.2240753173828,552.422314453125,14.0,2.0,4.0,8.0,14.285714285714286,28.571428571428573,57.142857142857146,False,
per_landslide,,,,,LS_000193,193.0,542.9482727050781,546.1942443847656,16.0,3.0,5.0,8.0,18.75,31.25,50.0,False,
per_landslide,,,,,LS_000194,194.0,631.2728576660156,640.9397094726562,44.0,7.0,13.0,24.0,15.909090909090908,29.545454545454547,54.54545454545455,False,
per_landslide,,,,,LS_000195,195.0,673.3527587890625,680.3852172851563,15.0,3.0,5.0,7.0,20.0,33.333333333333336,46.666666666666664,False,
per_landslide,,,,,LS_000196,196.0,712.9448303222656,722.75869140625,19.0,3.0,6.0,10.0,15.789473684210526,31.57894736842105,52.63157894736842,False,
per_landslide,,,,,LS_000197,197.0,703.3836639404296,720.8395690917969,24.0,4.0,7.0,13.0,16.666666666666668,29.166666666666668,54.166666666666664,False,
per_landslide,,,,,LS_000198,198.0,688.1786743164063,700.3871337890625,35.0,6.0,11.0,18.0,17.142857142857142,31.428571428571427,51.42857142857143,False,
per_landslide,,,,,LS_000199,199.0,682.4143127441406,706.2879089355469,42.0,7.0,13.0,22.0,16.666666666666668,30.952380952380953,52.38095238095238,False,
per_landslide,,,,,LS_000200,200.0,650.8423309326172,656.9716491699219,20.0,3.0,6.0,11.0,15.0,30.0,55.0,False,
per_landslide,,,,,LS_000201,201.0,651.437744140625,693.5107421875,257.0,39.0,77.0,141.0,15.17509727626459,29.961089494163424,54.86381322957198,False,
per_landslide,,,,,LS_000202,202.0,693.8893920898438,709.9475830078125,43.0,7.0,13.0,23.0,16.27906976744186,30.232558139534884,53.48837209302326,False,
per_landslide,,,,,LS_000203,203.0,695.7348937988281,718.8802490234375,36.0,6.0,11.0,19.0,16.666666666666668,30.555555555555557,52.77777777777778,False,
per_landslide,,,,,LS_000204,204.0,786.0402038574218,788.4181213378906,14.0,2.0,4.0,8.0,14.285714285714286,28.571428571428573,57.142857142857146,False,
per_landslide,,,,,LS_000205,205.0,760.9764434814454,775.3835205078125,24.0,4.0,7.0,13.0,16.666666666666668,29.166666666666668,54.166666666666664,False,
per_landslide,,,,,LS_000206,206.0,720.5625091552735,755.0172912597657,108.0,17.0,33.0,58.0,15.74074074074074,30.555555555555557,53.7037037037037,False,
per_landslide,,,,,LS_000207,207.0,694.5765655517578,706.2550537109375,22.0,4.0,7.0,11.0,18.181818181818183,31.818181818181817,50.0,False,
per_landslide,,,,,LS_000208,208.0,700.7299163818359,749.4277099609375,228.0,35.0,69.0,124.0,15.350877192982455,30.263157894736842,54.3859649122807,False,
per_landslide,,,,,LS_000209,209.0,626.1833435058594,641.5774658203125,90.0,14.0,27.0,49.0,15.555555555555555,30.0,54.44444444444444,False,
per_landslide,,,,,LS_000210,210.0,537.1830871582031,576.2508361816406,228.0,35.0,69.0,124.0,15.350877192982455,30.263157894736842,54.3859649122807,False,
per_landslide,,,,,LS_000211,211.0,668.63466796875,679.6270874023437,17.0,3.0,5.0,9.0,17.647058823529413,29.41176470588235,52.94117647058823,False,
per_landslide,,,,,LS_000212,212.0,553.155712890625,557.4077026367188,17.0,3.0,5.0,9.0,17.647058823529413,29.41176470588235,52.94117647058823,False,
per_landslide,,,,,LS_000213,213.0,736.1239013671875,739.9480590820312,11.0,2.0,4.0,5.0,18.181818181818183,36.36363636363637,45.45454545454545,False,
per_landslide,,,,,LS_000214,214.0,706.0240020751953,718.1347045898438,62.0,10.0,19.0,33.0,16.129032258064516,30.64516129032258,53.225806451612904,False,
per_landslide,,,,,LS_000215,215.0,734.7544555664062,737.6251220703125,11.0,2.0,4.0,5.0,18.181818181818183,36.36363636363637,45.45454545454545,False,
per_landslide,,,,,LS_000216,216.0,656.6717864990235,662.8014831542969,22.0,4.0,7.0,11.0,18.181818181818183,31.818181818181817,50.0,False,
per_landslide,,,,,LS_000217,217.0,703.2458618164062,754.26640625,63.0,10.0,19.0,34.0,15.873015873015873,30.158730158730158,53.96825396825397,False,
per_landslide,,,,,LS_000218,218.0,705.5521362304687,715.9144287109375,17.0,3.0,5.0,9.0,17.647058823529413,29.41176470588235,52.94117647058823,False,
per_landslide,,,,,LS_000219,219.0,858.8605407714844,880.23251953125,103.0,16.0,31.0,56.0,15.533980582524272,30.097087378640776,54.36893203883495,False,
per_landslide,,,,,LS_000220,220.0,777.2905975341797,807.8185974121094,272.0,41.0,82.0,149.0,15.073529411764707,30.147058823529413,54.779411764705884,False,
per_landslide,,,,,LS_000221,221.0,742.4978332519531,753.8961181640625,86.0,13.0,26.0,47.0,15.116279069767442,30.232558139534884,54.651162790697676,False,
per_landslide,,,,,LS_000222,222.0,727.6788848876953,745.4361877441406,44.0,7.0,13.0,24.0,15.909090909090908,29.545454545454547,54.54545454545455,False,
per_landslide,,,,,LS_000223,223.0,783.1171783447265,791.8450500488282,20.0,3.0,6.0,11.0,15.0,30.0,55.0,False,
per_landslide,,,,,LS_000224,224.0,712.6803161621094,744.6755004882813,167.0,25.0,50.0,92.0,14.970059880239521,29.940119760479043,55.08982035928144,False,
per_landslide,,,,,LS_000225,225.0,716.4904418945313,724.4734375,57.0,9.0,17.0,31.0,15.789473684210526,29.82456140350877,54.3859649122807,False,
per_landslide,,,,,LS_000226,226.0,747.8960998535156,763.8842468261719,78.0,12.0,24.0,42.0,15.384615384615385,30.76923076923077,53.84615384615385,False,
per_landslide,,,,,LS_000227,227.0,698.8380279541016,712.8989746093749,218.0,33.0,66.0,119.0,15.137614678899082,30.275229357798164,54.58715596330275,False,
per_landslide,,,,,LS_000228,228.0,744.6954895019531,760.79384765625,52.0,8.0,16.0,28.0,15.384615384615385,30.76923076923077,53.84615384615385,False,
per_landslide,,,,,LS_000229,229.0,639.8250793457031,729.8039855957031,1214.0,182.0,364.0,668.0,14.99176276771005,29.9835255354201,55.02471169686985,False,
per_landslide,,,,,LS_000230,230.0,554.1110717773438,557.3042846679688,17.0,3.0,5.0,9.0,17.647058823529413,29.41176470588235,52.94117647058823,False,
per_landslide,,,,,LS_000231,231.0,524.2907745361329,558.5519592285157,70.0,11.0,21.0,38.0,15.714285714285714,30.0,54.285714285714285,False,
per_landslide,,,,,LS_000232,232.0,600.8086303710937,610.7578063964844,62.0,10.0,19.0,33.0,16.129032258064516,30.64516129032258,53.225806451612904,False,
per_landslide,,,,,LS_000233,233.0,655.925048828125,684.3660949707031,72.0,11.0,22.0,39.0,15.277777777777779,30.555555555555557,54.166666666666664,False,
per_landslide,,,,,LS_000234,234.0,645.2365844726562,652.7730346679688,25.0,4.0,8.0,13.0,16.0,32.0,52.0,False,
per_landslide,,,,,LS_000235,235.0,594.6517639160156,619.6990112304687,103.0,16.0,31.0,56.0,15.533980582524272,30.097087378640776,54.36893203883495,False,
per_landslide,,,,,LS_000236,236.0,638.5653411865235,683.2529846191406,252.0,38.0,76.0,138.0,15.079365079365079,30.158730158730158,54.76190476190476,False,
per_landslide,,,,,LS_000237,237.0,629.0526733398438,673.7084350585938,186.0,28.0,56.0,102.0,15.053763440860216,30.107526881720432,54.83870967741935,False,
per_landslide,,,,,LS_000238,238.0,601.3070220947266,623.1877014160157,142.0,22.0,43.0,77.0,15.492957746478874,30.281690140845072,54.225352112676056,False,
per_landslide,,,,,LS_000239,239.0,564.6636779785156,586.389501953125,95.0,15.0,29.0,51.0,15.789473684210526,30.526315789473685,53.68421052631579,False,
per_landslide,,,,,LS_000240,240.0,587.2065795898437,600.3961791992188,33.0,5.0,10.0,18.0,15.151515151515152,30.303030303030305,54.54545454545455,False,
per_landslide,,,,,LS_000241,241.0,580.5415344238281,604.7040710449219,76.0,12.0,23.0,41.0,15.789473684210526,30.263157894736842,53.94736842105263,False,
per_landslide,,,,,LS_000242,242.0,646.1852661132813,678.5359741210938,77.0,12.0,23.0,42.0,15.584415584415584,29.87012987012987,54.54545454545455,False,
per_landslide,,,,,LS_000243,243.0,649.1563110351562,681.9001159667969,96.0,15.0,29.0,52.0,15.625,30.208333333333332,54.166666666666664,False,
per_landslide,,,,,LS_000244,244.0,684.751953125,693.7598876953125,31.0,5.0,10.0,16.0,16.129032258064516,32.25806451612903,51.61290322580645,False,
per_landslide,,,,,LS_000245,245.0,565.53427734375,574.4432739257812,29.0,5.0,9.0,15.0,17.24137931034483,31.03448275862069,51.724137931034484,False,
per_landslide,,,,,LS_000246,246.0,688.7646484375,708.877197265625,111.0,17.0,34.0,60.0,15.315315315315315,30.63063063063063,54.054054054054056,False,
per_landslide,,,,,LS_000247,247.0,738.6936157226562,747.935205078125,109.0,17.0,33.0,59.0,15.596330275229358,30.275229357798164,54.12844036697248,False,
per_landslide,,,,,LS_000248,248.0,749.0684326171875,753.8492065429688,25.0,4.0,8.0,13.0,16.0,32.0,52.0,False,
per_landslide,,,,,LS_000249,249.0,653.5478332519531,670.7991088867187,35.0,6.0,11.0,18.0,17.142857142857142,31.428571428571427,51.42857142857143,False,
per_landslide,,,,,LS_000250,250.0,651.7738372802735,659.8048828125,22.0,4.0,7.0,11.0,18.181818181818183,31.818181818181817,50.0,False,
per_landslide,,,,,LS_000251,251.0,671.4375244140625,727.3477416992188,173.0,26.0,52.0,95.0,15.028901734104046,30.057803468208093,54.91329479768786,False,
per_landslide,,,,,LS_000252,252.0,690.1043670654296,729.49921875,34.0,5.0,10.0,19.0,14.705882352941176,29.41176470588235,55.88235294117647,False,
per_landslide,,,,,LS_000253,253.0,713.5944885253906,721.4844909667969,22.0,4.0,7.0,11.0,18.181818181818183,31.818181818181817,50.0,False,
per_landslide,,,,,LS_000254,254.0,724.9236145019531,741.2547058105469,70.0,11.0,21.0,38.0,15.714285714285714,30.0,54.285714285714285,False,
per_landslide,,,,,LS_000255,255.0,684.5304290771485,710.3529296875,38.0,6.0,12.0,20.0,15.789473684210526,31.57894736842105,52.63157894736842,False,
per_landslide,,,,,LS_000256,256.0,747.3398834228516,768.501318359375,234.0,35.0,70.0,129.0,14.957264957264957,29.914529914529915,55.12820512820513,False,
per_landslide,,,,,LS_000257,257.0,659.9037536621094,700.0647705078125,79.0,12.0,24.0,43.0,15.189873417721518,30.379746835443036,54.43037974683544,False,
per_landslide,,,,,LS_000258,258.0,661.7063110351562,711.6540893554687,57.0,9.0,17.0,31.0,15.789473684210526,29.82456140350877,54.3859649122807,False,
per_landslide,,,,,LS_000259,259.0,668.6255676269532,700.8474975585938,40.0,6.0,12.0,22.0,15.0,30.0,55.0,False,
per_landslide,,,,,LS_000260,260.0,747.8228546142578,756.7260864257812,20.0,3.0,6.0,11.0,15.0,30.0,55.0,False,
per_landslide,,,,,LS_000261,261.0,719.5094665527344,727.317578125,18.0,3.0,6.0,9.0,16.666666666666668,33.333333333333336,50.0,False,
per_landslide,,,,,LS_000262,262.0,665.0569152832031,684.9189147949219,96.0,15.0,29.0,52.0,15.625,30.208333333333332,54.166666666666664,False,
per_landslide,,,,,LS_000263,263.0,623.4130859375,629.1427001953125,46.0,7.0,14.0,25.0,15.217391304347826,30.434782608695652,54.34782608695652,False,
per_landslide,,,,,LS_000264,264.0,567.6006072998047,572.0151306152344,32.0,5.0,10.0,17.0,15.625,31.25,53.125,False,
per_landslide,,,,,LS_000265,265.0,570.0419158935547,605.8585205078125,106.0,16.0,32.0,58.0,15.09433962264151,30.18867924528302,54.716981132075475,False,
per_landslide,,,,,LS_000266,266.0,716.54052734375,731.5178344726562,49.0,8.0,15.0,26.0,16.3265306122449,30.612244897959183,53.06122448979592,False,
per_landslide,,,,,LS_000267,267.0,704.886865234375,738.4920776367187,77.0,12.0,23.0,42.0,15.584415584415584,29.87012987012987,54.54545454545455,False,
per_landslide,,,,,LS_000268,268.0,471.91976165771484,499.6086791992187,70.0,11.0,21.0,38.0,15.714285714285714,30.0,54.285714285714285,False,
per_landslide,,,,,LS_000269,269.0,467.8172012329102,496.3440002441406,272.0,41.0,82.0,149.0,15.073529411764707,30.147058823529413,54.779411764705884,False,
per_landslide,,,,,LS_000270,270.0,640.8975891113281,654.0761962890625,52.0,8.0,16.0,28.0,15.384615384615385,30.76923076923077,53.84615384615385,False,
per_landslide,,,,,LS_000271,271.0,594.4972717285157,600.332421875,15.0,3.0,5.0,7.0,20.0,33.333333333333336,46.666666666666664,False,
per_landslide,,,,,LS_000272,272.0,542.025146484375,571.65234375,101.0,16.0,31.0,54.0,15.841584158415841,30.693069306930692,53.46534653465346,False,
per_landslide,,,,,LS_000273,273.0,537.7841278076172,657.9453308105469,1178.0,177.0,354.0,647.0,15.025466893039049,30.050933786078097,54.92359932088285,False,
per_landslide,,,,,LS_000274,274.0,755.2295471191406,761.0614501953125,35.0,6.0,11.0,18.0,17.142857142857142,31.428571428571427,51.42857142857143,False,
per_landslide,,,,,LS_000275,275.0,635.8705657958984,657.9680358886719,68.0,11.0,21.0,36.0,16.176470588235293,30.88235294117647,52.94117647058823,False,
per_landslide,,,,,LS_000276,276.0,578.4228576660156,638.68037109375,255.0,39.0,77.0,139.0,15.294117647058824,30.19607843137255,54.509803921568626,False,
per_landslide,,,,,LS_000277,277.0,611.5748718261718,648.9276611328125,210.0,32.0,63.0,115.0,15.238095238095237,30.0,54.76190476190476,False,
per_landslide,,,,,LS_000278,278.0,545.3972290039062,565.765234375,205.0,31.0,62.0,112.0,15.121951219512194,30.24390243902439,54.63414634146341,False,
per_landslide,,,,,LS_000279,279.0,710.9887725830079,712.6873596191406,48.0,8.0,15.0,25.0,16.666666666666668,31.25,52.083333333333336,False,
per_landslide,,,,,LS_000280,280.0,616.8929138183594,621.0096130371094,66.0,10.0,20.0,36.0,15.151515151515152,30.303030303030305,54.54545454545455,False,
per_landslide,,,,,LS_000281,281.0,602.0795135498047,608.4372253417969,16.0,3.0,5.0,8.0,18.75,31.25,50.0,False,
per_landslide,,,,,LS_000282,282.0,609.116259765625,613.7192749023437,17.0,3.0,5.0,9.0,17.647058823529413,29.41176470588235,52.94117647058823,False,
per_landslide,,,,,LS_000283,283.0,588.0450439453125,596.0670166015625,13.0,2.0,4.0,7.0,15.384615384615385,30.76923076923077,53.84615384615385,False,
per_landslide,,,,,LS_000284,284.0,611.130126953125,654.84765625,241.0,37.0,73.0,131.0,15.352697095435685,30.29045643153527,54.356846473029044,False,
per_landslide,,,,,LS_000285,285.0,657.8901977539062,696.9244384765625,319.0,48.0,96.0,175.0,15.047021943573668,30.094043887147336,54.858934169278996,False,
per_landslide,,,,,LS_000286,286.0,669.6594909667969,692.041259765625,108.0,17.0,33.0,58.0,15.74074074074074,30.555555555555557,53.7037037037037,False,
per_landslide,,,,,LS_000287,287.0,660.5851409912109,702.3280639648438,74.0,11.0,22.0,41.0,14.864864864864865,29.72972972972973,55.4054054054054,False,
per_landslide,,,,,LS_000288,288.0,592.439697265625,604.5411071777344,16.0,3.0,5.0,8.0,18.75,31.25,50.0,False,
per_landslide,,,,,LS_000289,289.0,588.4300079345703,600.2839721679687,32.0,5.0,10.0,17.0,15.625,31.25,53.125,False,
per_landslide,,,,,LS_000290,290.0,610.3300720214844,616.8087341308594,20.0,3.0,6.0,11.0,15.0,30.0,55.0,False,
per_landslide,,,,,LS_000291,291.0,531.7435791015625,541.4903381347656,20.0,3.0,6.0,11.0,15.0,30.0,55.0,False,
per_landslide,,,,,LS_000292,292.0,603.1039001464844,630.4376037597656,74.0,11.0,22.0,41.0,14.864864864864865,29.72972972972973,55.4054054054054,False,
per_landslide,,,,,LS_000293,293.0,699.4839263916016,705.5288940429688,20.0,3.0,6.0,11.0,15.0,30.0,55.0,False,
per_landslide,,,,,LS_000294,294.0,713.903759765625,722.8217224121094,32.0,5.0,10.0,17.0,15.625,31.25,53.125,False,
per_landslide,,,,,LS_000295,295.0,677.0156555175781,693.1038269042969,54.0,8.0,16.0,30.0,14.814814814814815,29.62962962962963,55.55555555555556,False,
per_landslide,,,,,LS_000296,296.0,681.3831481933594,687.8046997070312,23.0,4.0,7.0,12.0,17.391304347826086,30.434782608695652,52.17391304347826,False,
per_landslide,,,,,LS_000297,297.0,693.9885070800781,711.6571411132812,47.0,7.0,14.0,26.0,14.893617021276595,29.78723404255319,55.319148936170215,False,
per_landslide,,,,,LS_000298,298.0,602.8556060791016,608.5776916503906,12.0,2.0,4.0,6.0,16.666666666666668,33.333333333333336,50.0,False,
per_landslide,,,,,LS_000299,299.0,609.7025634765625,619.5957397460937,25.0,4.0,8.0,13.0,16.0,32.0,52.0,False,
per_landslide,,,,,LS_000300,300.0,642.063623046875,646.7753112792968,30.0,5.0,9.0,16.0,16.666666666666668,30.0,53.333333333333336,False,
per_landslide,,,,,LS_000301,301.0,622.7141845703125,664.7202880859375,455.0,69.0,137.0,249.0,15.164835164835164,30.10989010989011,54.72527472527472,False,
per_landslide,,,,,LS_000302,302.0,635.3526977539062,670.8814575195313,118.0,18.0,36.0,64.0,15.254237288135593,30.508474576271187,54.23728813559322,False,
per_landslide,,,,,LS_000303,303.0,644.1117340087891,651.4853698730469,24.0,4.0,7.0,13.0,16.666666666666668,29.166666666666668,54.166666666666664,False,
per_landslide,,,,,LS_000304,304.0,604.3209991455078,638.7659912109375,186.0,28.0,56.0,102.0,15.053763440860216,30.107526881720432,54.83870967741935,False,
per_landslide,,,,,LS_000305,305.0,718.6389892578125,764.1148315429688,345.0,52.0,104.0,189.0,15.072463768115941,30.144927536231883,54.78260869565217,False,
per_landslide,,,,,LS_000306,306.0,731.7538391113281,778.89267578125,547.0,82.0,164.0,301.0,14.990859232175502,29.981718464351005,55.02742230347349,False,
per_landslide,,,,,LS_000307,307.0,651.236572265625,676.5144775390625,27.0,4.0,8.0,15.0,14.814814814814815,29.62962962962963,55.55555555555556,False,
per_landslide,,,,,LS_000308,308.0,679.8649444580078,688.3482055664062,16.0,3.0,5.0,8.0,18.75,31.25,50.0,False,
per_landslide,,,,,LS_000309,309.0,627.7483825683594,644.2128295898438,51.0,8.0,16.0,27.0,15.686274509803921,31.372549019607842,52.94117647058823,False,
per_landslide,,,,,LS_000310,310.0,636.8077880859375,644.8659301757813,13.0,2.0,4.0,7.0,15.384615384615385,30.76923076923077,53.84615384615385,False,
per_landslide,,,,,LS_000311,311.0,728.0265045166016,740.6434020996094,70.0,11.0,21.0,38.0,15.714285714285714,30.0,54.285714285714285,False,
per_landslide,,,,,LS_000312,312.0,688.409423828125,713.1675415039062,71.0,11.0,22.0,38.0,15.492957746478874,30.985915492957748,53.521126760563384,False,
per_landslide,,,,,LS_000313,313.0,705.2763793945312,727.1290649414062,95.0,15.0,29.0,51.0,15.789473684210526,30.526315789473685,53.68421052631579,False,
per_landslide,,,,,LS_000314,314.0,664.2864379882812,685.6118408203125,53.0,8.0,16.0,29.0,15.09433962264151,30.18867924528302,54.716981132075475,False,
per_landslide,,,,,LS_000315,315.0,657.9799591064453,673.5214050292968,52.0,8.0,16.0,28.0,15.384615384615385,30.76923076923077,53.84615384615385,False,
per_landslide,,,,,LS_000316,316.0,672.6753601074219,694.6711120605469,94.0,14.0,28.0,52.0,14.893617021276595,29.78723404255319,55.319148936170215,False,
per_landslide,,,,,LS_000317,317.0,688.957763671875,715.9032104492187,73.0,11.0,22.0,40.0,15.068493150684931,30.136986301369863,54.794520547945204,False,
per_landslide,,,,,LS_000318,318.0,559.7826385498047,570.5652465820312,56.0,9.0,17.0,30.0,16.071428571428573,30.357142857142858,53.57142857142857,False,
per_landslide,,,,,LS_000319,319.0,553.6595153808594,591.13720703125,106.0,16.0,32.0,58.0,15.09433962264151,30.18867924528302,54.716981132075475,False,
per_landslide,,,,,LS_000320,320.0,624.913330078125,653.8953125,107.0,16.0,32.0,59.0,14.953271028037383,29.906542056074766,55.14018691588785,False,
per_landslide,,,,,LS_000321,321.0,591.344515991211,626.7715026855469,210.0,32.0,63.0,115.0,15.238095238095237,30.0,54.76190476190476,False,
per_landslide,,,,,LS_000322,322.0,716.823779296875,752.9395629882813,153.0,23.0,46.0,84.0,15.032679738562091,30.065359477124183,54.90196078431372,False,
per_landslide,,,,,LS_000323,323.0,718.2200927734375,760.3567626953125,133.0,20.0,40.0,73.0,15.037593984962406,30.075187969924812,54.88721804511278,False,
per_landslide,,,,,LS_000324,324.0,658.7535400390625,684.1900756835937,85.0,13.0,26.0,46.0,15.294117647058824,30.58823529411765,54.11764705882353,False,
per_landslide,,,,,LS_000325,325.0,712.0574340820312,725.7271118164062,86.0,13.0,26.0,47.0,15.116279069767442,30.232558139534884,54.651162790697676,False,
per_landslide,,,,,LS_000326,326.0,707.4481689453125,711.584619140625,33.0,5.0,10.0,18.0,15.151515151515152,30.303030303030305,54.54545454545455,False,
per_landslide,,,,,LS_000327,327.0,714.9961730957032,722.4877014160156,32.0,5.0,10.0,17.0,15.625,31.25,53.125,False,
per_landslide,,,,,LS_000328,328.0,564.7209228515625,590.7993408203125,49.0,8.0,15.0,26.0,16.3265306122449,30.612244897959183,53.06122448979592,False,
per_landslide,,,,,LS_000329,329.0,545.9296661376953,552.5821716308594,28.0,5.0,9.0,14.0,17.857142857142858,32.142857142857146,50.0,False,
per_landslide,,,,,LS_000330,330.0,760.6590179443359,838.3132629394531,100.0,15.0,30.0,55.0,15.0,30.0,55.0,False,
per_landslide,,,,,LS_000331,331.0,842.4437927246094,846.7996704101563,23.0,4.0,7.0,12.0,17.391304347826086,30.434782608695652,52.17391304347826,False,
per_landslide,,,,,LS_000332,332.0,843.601416015625,856.0817260742188,35.0,6.0,11.0,18.0,17.142857142857142,31.428571428571427,51.42857142857143,False,
per_landslide,,,,,LS_000333,333.0,740.8458251953125,756.1373901367188,41.0,7.0,13.0,21.0,17.073170731707318,31.70731707317073,51.21951219512195,False,
per_landslide,,,,,LS_000334,334.0,850.7366333007812,853.7455444335938,46.0,7.0,14.0,25.0,15.217391304347826,30.434782608695652,54.34782608695652,False,
per_landslide,,,,,LS_000335,335.0,799.4215148925781,823.1462158203125,87.0,13.0,26.0,48.0,14.942528735632184,29.885057471264368,55.172413793103445,False,
per_landslide,,,,,LS_000336,336.0,826.0606079101562,829.4259033203125,11.0,2.0,4.0,5.0,18.181818181818183,36.36363636363637,45.45454545454545,False,
per_landslide,,,,,LS_000337,337.0,646.190234375,647.3888427734375,13.0,2.0,4.0,7.0,15.384615384615385,30.76923076923077,53.84615384615385,False,
per_landslide,,,,,LS_000338,338.0,722.5020477294922,726.7877014160156,24.0,4.0,7.0,13.0,16.666666666666668,29.166666666666668,54.166666666666664,False,
per_landslide,,,,,LS_000339,339.0,634.3222839355469,636.1015014648438,12.0,2.0,4.0,6.0,16.666666666666668,33.333333333333336,50.0,False,
per_landslide,,,,,LS_000340,340.0,727.0681671142578,741.8679870605469,42.0,7.0,13.0,22.0,16.666666666666668,30.952380952380953,52.38095238095238,False,
per_landslide,,,,,LS_000341,341.0,760.4032409667968,765.7441162109375,48.0,8.0,15.0,25.0,16.666666666666668,31.25,52.083333333333336,False,
per_landslide,,,,,LS_000342,342.0,747.2833984375,751.675439453125,33.0,5.0,10.0,18.0,15.151515151515152,30.303030303030305,54.54545454545455,False,
per_landslide,,,,,LS_000343,343.0,788.7293395996094,795.2527954101563,47.0,7.0,14.0,26.0,14.893617021276595,29.78723404255319,55.319148936170215,False,
per_landslide,,,,,LS_000344,344.0,888.4910278320312,890.6129760742188,11.0,2.0,4.0,5.0,18.181818181818183,36.36363636363637,45.45454545454545,False,
per_landslide,,,,,LS_000345,345.0,853.1020812988281,862.2545654296875,27.0,4.0,8.0,15.0,14.814814814814815,29.62962962962963,55.55555555555556,False,
per_landslide,,,,,LS_000346,346.0,745.1213928222656,759.3444702148438,143.0,22.0,43.0,78.0,15.384615384615385,30.06993006993007,54.54545454545455,False,
per_landslide,,,,,LS_000347,347.0,1002.0005981445313,1014.34111328125,37.0,6.0,11.0,20.0,16.216216216216218,29.72972972972973,54.054054054054056,False,
per_landslide,,,,,LS_000348,348.0,874.9937316894532,896.8607299804687,70.0,11.0,21.0,38.0,15.714285714285714,30.0,54.285714285714285,False,
per_landslide,,,,,LS_000349,349.0,903.0253112792968,916.3720642089844,34.0,5.0,10.0,19.0,14.705882352941176,29.41176470588235,55.88235294117647,False,
per_landslide,,,,,LS_000350,350.0,905.1964172363281,916.1381591796875,24.0,4.0,7.0,13.0,16.666666666666668,29.166666666666668,54.166666666666664,False,
per_landslide,,,,,LS_000351,351.0,878.7787475585938,883.5949096679688,11.0,2.0,4.0,5.0,18.181818181818183,36.36363636363637,45.45454545454545,False,
per_landslide,,,,,LS_000352,352.0,809.2792358398438,814.5505981445312,11.0,2.0,4.0,5.0,18.181818181818183,36.36363636363637,45.45454545454545,False,
per_landslide,,,,,LS_000353,353.0,841.8499725341796,860.9110168457031,78.0,12.0,24.0,42.0,15.384615384615385,30.76923076923077,53.84615384615385,False,
per_landslide,,,,,LS_000354,354.0,810.7677978515625,821.6044189453125,49.0,8.0,15.0,26.0,16.3265306122449,30.612244897959183,53.06122448979592,False,
per_landslide,,,,,LS_000355,355.0,843.968212890625,874.064794921875,89.0,14.0,27.0,48.0,15.730337078651685,30.337078651685392,53.93258426966292,False,
per_landslide,,,,,LS_000356,356.0,822.2018737792969,831.108251953125,35.0,6.0,11.0,18.0,17.142857142857142,31.428571428571427,51.42857142857143,False,
per_landslide,,,,,LS_000357,357.0,836.46181640625,841.1999389648438,17.0,3.0,5.0,9.0,17.647058823529413,29.41176470588235,52.94117647058823,False,
per_landslide,,,,,LS_000358,358.0,799.2199432373047,817.1119384765625,18.0,3.0,6.0,9.0,16.666666666666668,33.333333333333336,50.0,False,
per_landslide,,,,,LS_000359,359.0,954.1191772460937,962.8236450195312,17.0,3.0,5.0,9.0,17.647058823529413,29.41176470588235,52.94117647058823,False,
per_landslide,,,,,LS_000360,360.0,989.8121643066406,1004.1275634765625,106.0,16.0,32.0,58.0,15.09433962264151,30.18867924528302,54.716981132075475,False,
per_landslide,,,,,LS_000361,361.0,1020.5250122070313,1029.1634521484375,33.0,5.0,10.0,18.0,15.151515151515152,30.303030303030305,54.54545454545455,False,
per_landslide,,,,,LS_000362,362.0,938.8205871582031,981.3264770507812,58.0,9.0,18.0,31.0,15.517241379310345,31.03448275862069,53.44827586206897,False,
per_landslide,,,,,LS_000363,363.0,922.1225463867188,1005.8764099121094,248.0,38.0,75.0,135.0,15.32258064516129,30.241935483870968,54.435483870967744,False,
per_landslide,,,,,LS_000364,364.0,960.3148803710938,970.6143615722656,28.0,5.0,9.0,14.0,17.857142857142858,32.142857142857146,50.0,False,
per_landslide,,,,,LS_000365,365.0,870.1369934082031,883.8313293457031,46.0,7.0,14.0,25.0,15.217391304347826,30.434782608695652,54.34782608695652,False,
per_landslide,,,,,LS_000366,366.0,847.9358764648438,857.0286743164063,33.0,5.0,10.0,18.0,15.151515151515152,30.303030303030305,54.54545454545455,False,
per_landslide,,,,,LS_000367,367.0,1042.59228515625,1063.931640625,21.0,4.0,7.0,10.0,19.047619047619047,33.333333333333336,47.61904761904762,False,
per_landslide,,,,,LS_000368,368.0,673.144287109375,681.8328857421875,21.0,4.0,7.0,10.0,19.047619047619047,33.333333333333336,47.61904761904762,False,
per_landslide,,,,,LS_000369,369.0,685.0124572753906,694.142041015625,139.0,21.0,42.0,76.0,15.107913669064748,30.215827338129497,54.67625899280576,False,
per_landslide,,,,,LS_000370,370.0,624.62216796875,637.1676025390625,43.0,7.0,13.0,23.0,16.27906976744186,30.232558139534884,53.48837209302326,False,
per_landslide,,,,,LS_000371,371.0,630.5338134765625,636.9556274414062,21.0,4.0,7.0,10.0,19.047619047619047,33.333333333333336,47.61904761904762,False,
per_landslide,,,,,LS_000372,372.0,613.0162048339844,616.6696411132813,15.0,3.0,5.0,7.0,20.0,33.333333333333336,46.666666666666664,False,
per_landslide,,,,,LS_000373,373.0,652.8782043457031,656.7174987792969,16.0,3.0,5.0,8.0,18.75,31.25,50.0,False,
per_landslide,,,,,LS_000374,374.0,637.1691772460938,640.2194885253906,10.0,2.0,3.0,5.0,20.0,30.0,50.0,False,
per_landslide,,,,,LS_000375,375.0,635.9324493408203,645.47705078125,16.0,3.0,5.0,8.0,18.75,31.25,50.0,False,
per_landslide,,,,,LS_000376,376.0,716.7834228515625,722.00478515625,25.0,4.0,8.0,13.0,16.0,32.0,52.0,False,
per_landslide,,,,,LS_000377,377.0,739.0124664306641,750.5375366210938,36.0,6.0,11.0,19.0,16.666666666666668,30.555555555555557,52.77777777777778,False,
per_landslide,,,,,LS_000378,378.0,675.54189453125,681.6498168945312,19.0,3.0,6.0,10.0,15.789473684210526,31.57894736842105,52.63157894736842,False,
per_landslide,,,,,LS_000379,379.0,679.8727020263672,691.920654296875,170.0,26.0,51.0,93.0,15.294117647058824,30.0,54.705882352941174,False,
per_landslide,,,,,LS_000380,380.0,828.50361328125,899.566552734375,842.0,127.0,253.0,462.0,15.08313539192399,30.04750593824228,54.86935866983373,False,
per_landslide,,,,,LS_000381,381.0,682.5106201171875,687.4020690917969,26.0,4.0,8.0,14.0,15.384615384615385,30.76923076923077,53.84615384615385,False,
per_landslide,,,,,LS_000382,382.0,655.170785522461,656.620068359375,18.0,3.0,6.0,9.0,16.666666666666668,33.333333333333336,50.0,False,
per_landslide,,,,,LS_000383,383.0,527.5561737060547,559.6905883789062,300.0,45.0,90.0,165.0,15.0,30.0,55.0,False,
per_landslide,,,,,LS_000384,384.0,511.77634582519534,522.8304504394531,102.0,16.0,31.0,55.0,15.686274509803921,30.392156862745097,53.92156862745098,False,
per_landslide,,,,,LS_000385,385.0,521.1233673095703,527.7661865234375,60.0,9.0,18.0,33.0,15.0,30.0,55.0,False,
per_landslide,,,,,LS_000386,386.0,505.33400573730466,511.21714782714844,28.0,5.0,9.0,14.0,17.857142857142858,32.142857142857146,50.0,False,
per_landslide,,,,,LS_000387,387.0,527.8485717773438,532.2903381347656,58.0,9.0,18.0,31.0,15.517241379310345,31.03448275862069,53.44827586206897,False,
per_landslide,,,,,LS_000388,388.0,536.4178680419922,561.6714904785156,294.0,44.0,88.0,162.0,14.965986394557824,29.931972789115648,55.10204081632653,False,
per_landslide,,,,,LS_000389,389.0,368.0082702636719,381.5791320800781,75.0,12.0,23.0,40.0,16.0,30.666666666666668,53.333333333333336,False,
per_landslide,,,,,LS_000390,390.0,356.53004760742186,360.09841003417966,44.0,7.0,13.0,24.0,15.909090909090908,29.545454545454547,54.54545454545455,False,
per_landslide,,,,,LS_000391,391.0,367.85774993896484,383.8482269287109,94.0,14.0,28.0,52.0,14.893617021276595,29.78723404255319,55.319148936170215,False,
per_landslide,,,,,LS_000392,392.0,348.22700958251954,361.4394226074219,60.0,9.0,18.0,33.0,15.0,30.0,55.0,False,
per_landslide,,,,,LS_000393,393.0,368.6766860961914,371.73378295898436,14.0,2.0,4.0,8.0,14.285714285714286,28.571428571428573,57.142857142857146,False,
per_landslide,,,,,LS_000394,394.0,415.2620849609375,460.72984313964844,176.0,27.0,53.0,96.0,15.340909090909092,30.113636363636363,54.54545454545455,False,
per_landslide,,,,,LS_000395,395.0,468.02600860595703,482.6072998046875,86.0,13.0,26.0,47.0,15.116279069767442,30.232558139534884,54.651162790697676,False,
per_landslide,,,,,LS_000396,396.0,300.29017028808596,309.62628784179685,135.0,21.0,41.0,73.0,15.555555555555555,30.37037037037037,54.074074074074076,False,
per_landslide,,,,,LS_000397,397.0,269.3072113037109,279.4214111328125,99.0,15.0,30.0,54.0,15.151515151515152,30.303030303030305,54.54545454545455,False,
per_landslide,,,,,LS_000398,398.0,342.4656982421875,362.1986572265625,95.0,15.0,29.0,51.0,15.789473684210526,30.526315789473685,53.68421052631579,False,
per_landslide,,,,,LS_000399,399.0,357.9417785644531,388.085302734375,198.0,30.0,60.0,108.0,15.151515151515152,30.303030303030305,54.54545454545455,False,
per_landslide,,,,,LS_000400,400.0,306.0466339111328,330.5832794189453,500.0,75.0,150.0,275.0,15.0,30.0,55.0,False,
per_landslide,,,,,LS_000401,401.0,396.0221939086914,405.2932525634766,20.0,3.0,6.0,11.0,15.0,30.0,55.0,False,
per_landslide,,,,,LS_000402,402.0,500.73875427246094,512.2290405273437,14.0,2.0,4.0,8.0,14.285714285714286,28.571428571428573,57.142857142857146,False,
per_landslide,,,,,LS_000403,403.0,495.246076965332,507.05059509277345,64.0,10.0,19.0,35.0,15.625,29.6875,54.6875,False,
per_landslide,,,,,LS_000404,404.0,394.1410614013672,404.7581298828125,19.0,3.0,6.0,10.0,15.789473684210526,31.57894736842105,52.63157894736842,False,
per_landslide,,,,,LS_000405,405.0,450.09928131103516,453.9849853515625,26.0,4.0,8.0,14.0,15.384615384615385,30.76923076923077,53.84615384615385,False,
per_landslide,,,,,LS_000406,406.0,417.5074035644531,420.90732727050784,10.0,2.0,3.0,5.0,20.0,30.0,50.0,False,
per_landslide,,,,,LS_000407,407.0,562.4167541503906,567.110595703125,15.0,3.0,5.0,7.0,20.0,33.333333333333336,46.666666666666664,False,
per_landslide,,,,,LS_000408,408.0,489.8839736938477,494.5353179931641,40.0,6.0,12.0,22.0,15.0,30.0,55.0,False,
per_landslide,,,,,LS_000409,409.0,391.4119873046875,397.4434387207031,27.0,4.0,8.0,15.0,14.814814814814815,29.62962962962963,55.55555555555556,False,
per_landslide,,,,,LS_000410,410.0,383.9896301269531,393.31793823242185,49.0,8.0,15.0,26.0,16.3265306122449,30.612244897959183,53.06122448979592,False,
per_landslide,,,,,LS_000411,411.0,336.2721862792969,341.3902893066406,11.0,2.0,4.0,5.0,18.181818181818183,36.36363636363637,45.45454545454545,False,
per_landslide,,,,,LS_000412,412.0,530.6024627685547,534.5791015625,16.0,3.0,5.0,8.0,18.75,31.25,50.0,False,
per_landslide,,,,,LS_000413,413.0,506.25604858398435,509.8517578125,20.0,3.0,6.0,11.0,15.0,30.0,55.0,False,
per_landslide,,,,,LS_000414,414.0,249.60333862304688,268.41648559570314,69.0,11.0,21.0,37.0,15.942028985507246,30.434782608695652,53.6231884057971,False,
per_landslide,,,,,LS_000415,415.0,252.06604766845703,257.2986297607422,10.0,2.0,3.0,5.0,20.0,30.0,50.0,False,
per_landslide,,,,,LS_000416,416.0,225.78021240234375,235.6153106689453,25.0,4.0,8.0,13.0,16.0,32.0,52.0,False,
per_landslide,,,,,LS_000417,417.0,192.49405212402343,233.63407592773436,629.0,95.0,189.0,345.0,15.103338632750397,30.047694753577108,54.848966613672495,False,
per_landslide,,,,,LS_000418,418.0,246.8609718322754,250.15855712890624,18.0,3.0,6.0,9.0,16.666666666666668,33.333333333333336,50.0,False,
per_landslide,,,,,LS_000419,419.0,313.3369445800781,338.5704650878906,193.0,29.0,58.0,106.0,15.025906735751295,30.05181347150259,54.92227979274612,False,
per_landslide,,,,,LS_000420,420.0,294.8866165161133,296.70155334472656,28.0,5.0,9.0,14.0,17.857142857142858,32.142857142857146,50.0,False,
per_landslide,,,,,LS_000421,421.0,572.7677001953125,593.215087890625,81.0,13.0,25.0,43.0,16.049382716049383,30.864197530864196,53.08641975308642,False,
per_landslide,,,,,LS_000422,422.0,551.9486938476563,630.03662109375,333.0,50.0,100.0,183.0,15.015015015015015,30.03003003003003,54.95495495495496,False,
per_landslide,,,,,LS_000423,423.0,668.0107421875,692.8858032226562,31.0,5.0,10.0,16.0,16.129032258064516,32.25806451612903,51.61290322580645,False,
per_landslide,,,,,LS_000424,424.0,624.9531127929688,671.451220703125,85.0,13.0,26.0,46.0,15.294117647058824,30.58823529411765,54.11764705882353,False,
per_landslide,,,,,LS_000425,425.0,624.3698120117188,664.4752197265625,71.0,11.0,22.0,38.0,15.492957746478874,30.985915492957748,53.521126760563384,False,
per_landslide,,,,,LS_000426,426.0,652.5696899414063,671.7573120117188,33.0,5.0,10.0,18.0,15.151515151515152,30.303030303030305,54.54545454545455,False,
per_landslide,,,,,LS_000427,427.0,625.8312072753906,672.0669311523437,147.0,22.0,44.0,81.0,14.965986394557824,29.931972789115648,55.10204081632653,False,
per_landslide,,,,,LS_000428,428.0,639.501611328125,684.4922119140625,168.0,26.0,51.0,91.0,15.476190476190476,30.357142857142858,54.166666666666664,False,
per_landslide,,,,,LS_000429,429.0,634.040966796875,657.1128234863281,44.0,7.0,13.0,24.0,15.909090909090908,29.545454545454547,54.54545454545455,False,
per_landslide,,,,,LS_000430,430.0,649.5218994140625,660.091748046875,29.0,5.0,9.0,15.0,17.24137931034483,31.03448275862069,51.724137931034484,False,
per_landslide,,,,,LS_000431,431.0,656.8466430664063,686.4009216308593,190.0,29.0,57.0,104.0,15.263157894736842,30.0,54.73684210526316,False,
per_landslide,,,,,LS_000432,432.0,653.8726440429688,711.0478393554688,309.0,47.0,93.0,169.0,15.210355987055015,30.097087378640776,54.69255663430421,False,
per_landslide,,,,,LS_000433,433.0,639.5225402832032,645.4983337402343,12.0,2.0,4.0,6.0,16.666666666666668,33.333333333333336,50.0,False,
per_landslide,,,,,LS_000434,434.0,524.5668884277344,556.484765625,72.0,11.0,22.0,39.0,15.277777777777779,30.555555555555557,54.166666666666664,False,
per_landslide,,,,,LS_000435,435.0,418.2307693481445,429.7889404296875,58.0,9.0,18.0,31.0,15.517241379310345,31.03448275862069,53.44827586206897,False,
per_landslide,,,,,LS_000436,436.0,692.6587280273437,722.3788208007812,337.0,51.0,101.0,185.0,15.13353115727003,29.97032640949555,54.896142433234424,False,
per_landslide,,,,,LS_000437,437.0,766.0628967285156,837.5635986328125,971.0,146.0,292.0,533.0,15.036045314109165,30.07209062821833,54.8918640576725,False,
per_landslide,,,,,LS_000438,438.0,825.4470855712891,951.7742431640625,1134.0,170.0,340.0,624.0,14.991181657848324,29.98236331569665,55.026455026455025,False,
per_landslide,,,,,LS_000439,439.0,786.6957397460938,798.7062377929688,91.0,14.0,28.0,49.0,15.384615384615385,30.76923076923077,53.84615384615385,False,
per_landslide,,,,,LS_000440,440.0,961.9620086669922,983.4861022949219,160.0,24.0,48.0,88.0,15.0,30.0,55.0,False,
per_landslide,,,,,LS_000441,441.0,750.0281799316406,823.5580322265625,558.0,84.0,168.0,306.0,15.053763440860216,30.107526881720432,54.83870967741935,False,
per_landslide,,,,,LS_000442,442.0,962.1686401367188,1043.79609375,303.0,46.0,91.0,166.0,15.181518151815181,30.033003300330034,54.78547854785479,False,
per_landslide,,,,,LS_000443,443.0,1072.1690368652344,1115.6647338867188,556.0,84.0,167.0,305.0,15.107913669064748,30.035971223021583,54.856115107913666,False,
per_landslide,,,,,LS_000444,444.0,978.8107269287109,1044.5471069335938,958.0,144.0,288.0,526.0,15.031315240083508,30.062630480167016,54.906054279749476,False,
per_landslide,,,,,LS_000445,445.0,1306.981591796875,1314.2345092773437,184.0,28.0,55.0,101.0,15.217391304347826,29.891304347826086,54.891304347826086,False,
per_landslide,,,,,LS_000446,446.0,1006.5555358886719,1040.4984130859375,232.0,35.0,70.0,127.0,15.086206896551724,30.17241379310345,54.741379310344826,False,
per_landslide,,,,,LS_000447,447.0,694.3387298583984,752.8489196777343,302.0,46.0,91.0,165.0,15.2317880794702,30.132450331125828,54.63576158940398,False,
per_landslide,,,,,LS_000448,448.0,1214.72041015625,1282.901953125,390.0,59.0,117.0,214.0,15.128205128205128,30.0,54.87179487179487,False,
per_landslide,,,,,LS_000449,449.0,1046.5941772460938,1236.0177612304688,1182.0,178.0,355.0,649.0,15.05922165820643,30.03384094754653,54.90693739424704,False,
per_landslide,,,,,LS_000450,450.0,829.7011108398438,894.672119140625,446.0,67.0,134.0,245.0,15.022421524663677,30.044843049327355,54.93273542600897,False,
per_landslide,,,,,LS_000451,451.0,870.4103912353515,917.6671752929688,328.0,50.0,99.0,179.0,15.24390243902439,30.182926829268293,54.573170731707314,False,
per_landslide,,,,,LS_000452,452.0,882.5627014160157,928.7758605957031,350.0,53.0,105.0,192.0,15.142857142857142,30.0,54.857142857142854,False,
per_landslide,,,,,LS_000453,453.0,831.6285858154297,852.0031494140625,170.0,26.0,51.0,93.0,15.294117647058824,30.0,54.705882352941174,False,
per_landslide,,,,,LS_000454,454.0,911.6185913085938,948.1280517578125,341.0,52.0,103.0,186.0,15.249266862170089,30.205278592375368,54.54545454545455,False,
per_landslide,,,,,LS_000455,455.0,655.1147766113281,660.4230834960938,135.0,21.0,41.0,73.0,15.555555555555555,30.37037037037037,54.074074074074076,False,
per_landslide,,,,,LS_000456,456.0,792.8925140380859,812.0782409667969,70.0,11.0,21.0,38.0,15.714285714285714,30.0,54.285714285714285,False,
per_landslide,,,,,LS_000457,457.0,767.9422912597656,795.4005737304688,131.0,20.0,40.0,71.0,15.267175572519085,30.53435114503817,54.19847328244275,False,
per_landslide,,,,,LS_000458,458.0,778.7171020507812,790.4788818359375,136.0,21.0,41.0,74.0,15.441176470588236,30.147058823529413,54.411764705882355,False,
per_landslide,,,,,LS_000459,459.0,809.4332946777344,820.9653442382812,467.0,70.0,140.0,257.0,14.989293361884368,29.978586723768736,55.03211991434689,False,
per_landslide,,,,,LS_000460,460.0,830.3626708984375,848.9263854980469,128.0,20.0,39.0,69.0,15.625,30.46875,53.90625,False,
per_landslide,,,,,LS_000461,461.0,939.4904388427734,973.3902893066406,238.0,36.0,72.0,130.0,15.126050420168067,30.252100840336134,54.621848739495796,False,
per_landslide,,,,,LS_000462,462.0,918.7711181640625,965.7960876464844,204.0,31.0,61.0,112.0,15.196078431372548,29.901960784313726,54.90196078431372,False,
per_landslide,,,,,LS_000463,463.0,983.4819641113281,1002.695556640625,276.0,42.0,83.0,151.0,15.217391304347826,30.07246376811594,54.710144927536234,False,
per_landslide,,,,,LS_000464,464.0,960.2970275878906,1046.8589965820313,1184.0,178.0,355.0,651.0,15.033783783783784,29.98310810810811,54.983108108108105,False,
per_landslide,,,,,LS_000465,465.0,989.0296203613282,1067.9051025390625,1103.0,166.0,331.0,606.0,15.049864007252946,30.0090661831369,54.941069809610156,False,
per_landslide,,,,,LS_000466,466.0,952.8593627929688,1073.3798583984374,917.0,138.0,275.0,504.0,15.04907306434024,29.989094874591057,54.961832061068705,False,
per_landslide,,,,,LS_000467,467.0,1216.8616333007812,1311.96826171875,431.0,65.0,130.0,236.0,15.081206496519721,30.162412993039442,54.756380510440835,False,
per_landslide,,,,,LS_000468,468.0,1042.3759765625,1070.8841674804687,162.0,25.0,49.0,88.0,15.432098765432098,30.246913580246915,54.32098765432099,False,
per_landslide,,,,,LS_000469,469.0,1082.4780578613281,1127.7090454101562,186.0,28.0,56.0,102.0,15.053763440860216,30.107526881720432,54.83870967741935,False,
per_landslide,,,,,LS_000470,470.0,1393.7396545410156,1501.7386962890625,874.0,131.0,262.0,481.0,14.988558352402746,29.977116704805493,55.03432494279176,False,
per_landslide,,,,,LS_000471,471.0,1530.0851135253906,1588.6974487304688,176.0,27.0,53.0,96.0,15.340909090909092,30.113636363636363,54.54545454545455,False,
per_landslide,,,,,LS_000472,472.0,,,1.0,0.0,0.0,0.0,,,,True,too_few_valid_dem_cells<5
per_landslide,,,,,LS_000473,473.0,1404.1730407714845,1436.1928588867188,388.0,59.0,117.0,212.0,15.206185567010309,30.15463917525773,54.63917525773196,False,
per_landslide,,,,,LS_000474,474.0,1261.8380859375,1420.40419921875,4409.0,662.0,1323.0,2424.0,15.014742572011794,30.006804264005442,54.97845316398276,False,
per_landslide,,,,,LS_000475,475.0,1461.1467529296874,1568.56064453125,1499.0,225.0,450.0,824.0,15.010006671114077,30.020013342228154,54.96997998665777,False,
per_landslide,,,,,LS_000476,476.0,883.530810546875,918.4025024414062,73.0,11.0,22.0,40.0,15.068493150684931,30.136986301369863,54.794520547945204,False,
per_landslide,,,,,LS_000477,477.0,863.8281097412109,874.3498107910157,130.0,20.0,39.0,71.0,15.384615384615385,30.0,54.61538461538461,False,
per_landslide,,,,,LS_000478,478.0,908.491064453125,918.8583251953125,87.0,13.0,26.0,48.0,14.942528735632184,29.885057471264368,55.172413793103445,False,
per_landslide,,,,,LS_000479,479.0,738.7939697265625,771.4728881835937,325.0,49.0,98.0,178.0,15.076923076923077,30.153846153846153,54.76923076923077,False,
per_landslide,,,,,LS_000480,480.0,686.3622833251953,730.4786071777344,194.0,29.0,58.0,107.0,14.948453608247423,29.896907216494846,55.154639175257735,False,
per_landslide,,,,,LS_000481,481.0,670.708544921875,697.2485656738281,134.0,20.0,40.0,74.0,14.925373134328359,29.850746268656717,55.223880597014926,False,
per_landslide,,,,,LS_000482,482.0,1204.2719482421876,1211.173388671875,108.0,17.0,33.0,58.0,15.74074074074074,30.555555555555557,53.7037037037037,False,
per_landslide,,,,,LS_000483,483.0,1221.23095703125,1241.02978515625,186.0,28.0,56.0,102.0,15.053763440860216,30.107526881720432,54.83870967741935,False,
per_landslide,,,,,LS_000484,484.0,611.1520568847657,633.3072509765625,639.0,96.0,192.0,351.0,15.023474178403756,30.046948356807512,54.929577464788736,False,
per_landslide,,,,,LS_000485,485.0,111.86574172973633,124.2928237915039,346.0,52.0,104.0,190.0,15.028901734104046,30.057803468208093,54.91329479768786,False,
per_landslide,,,,,LS_000486,486.0,601.9889282226562,636.2502563476562,73.0,11.0,22.0,40.0,15.068493150684931,30.136986301369863,54.794520547945204,False,
per_landslide,,,,,LS_000487,487.0,284.86806335449216,289.0381164550781,15.0,3.0,5.0,7.0,20.0,33.333333333333336,46.666666666666664,False,
