bin_lower_m,bin_upper_m,landslide_count
0.0,10.0,1526
10.0,20.0,9905
20.0,30.0,10968
30.0,40.0,8792
40.0,50.0,6338
50.0,60.0,4543
60.0,70.0,3520
70.0,80.0,2823
80.0,90.0,2309
90.0,100.0,1927
100.0,110.0,1658
110.0,120.0,1356
120.0,130.0,1211
130.0,140.0,1129
140.0,150.0,952
150.0,160.0,884
160.0,170.0,736
170.0,180.0,715
180.0,190.0,612
190.0,200.0,538
200.0,210.0,532
210.0,220.0,458
220.0,230.0,437
230.0,240.0,417
240.0,250.0,390
250.0,260.0,337
260.0,270.0,272
270.0,280.0,283
280.0,290.0,240
290.0,300.0,281
300.0,310.0,208
